{
  "id": "8a405539-c5dd-4bc8-a933-0ecf06bba3e1",
  "generation": 0,
  "iteration": 0,
  "current_iteration": 100,
  "metrics": {
    "combined_score": 1.5272277227722773,
    "message": "Performance improved by 1.53x"
  },
  "language": "python",
  "timestamp": 1753955333.5594616,
  "saved_at": 1753967403.305032
}